"SNP","Chromosome","Position","P"
"ALGA0088449","15",95748847,8.53644e-05
"ALGA0106996","3",21472898,5.3437e-06
"ASGA0002752","1",43358326,8.01322e-05
"ASGA0039359","8",45703730,3.56582e-07
"ASGA0054364","12",18258585,6.75211e-06
"DRGA0003569","2",67385863,1.08e-07
"H3GA0001667","1",43201866,5.80599e-06
"INRA0056207","18",34446892,4.48355e-07
"MARC0040492","8",80539938,6.87e-08
"MARC0066784","8",53910480,5.26e-09
